name,area,group,sub,phone,addr,source,maps,checked_by,matches_listing (Y/N),notes
Chuks Electronics,Outside catchment,Phones & Technology,Electronics Shops,+2348056326335,"H85X+Q9J, Brown St","Google Maps (sweep, Oct 2026)",https://www.google.com/maps/place/Chuks+Electronics/data=!4m7!3m6!1s0x103b8dfa7cc6494d:0x83e9f6d48d831f1c!8m2!3d6.5594506!4d3.3483828!16s%2Fg%2F1q62fb3f7!19sChIJTUnGfPqNOxARHB-DjdT26YM?authuser=0&hl=en&g_ep=EgoyMDI2MDkzMC4wIJJjKgBIAVAD&rclk=1,,,
Slake Business Solutions and Services,Outside catchment,Phones & Technology,Computer Shops,+2347086750613,"phase 1, 172 Oshodi - Oworonshoki Express Way","Google Maps (sweep, Oct 2026)",https://www.google.com/maps/place/Slake+Business+Solutions+and+Services/data=!4m7!3m6!1s0x103b8d41843a341d:0x5a9ebdfde218c0ee!8m2!3d6.5554227!4d3.3509495!16s%2Fg%2F11kb_g0hvp!19sChIJHTQ6hEGNOxAR7sAY4v29nlo?authuser=0&hl=en&g_ep=EgoyMDI2MDkzMC4wIJJjKgBIAVAD&rclk=1,,,
Selective Security International Limited,Outside catchment,Security,Private Security Guards,+2348103140314,"6b, Oba Akran Avenue, Ikeja, Lagos Underbridge Ikeja, beside Ambiance Hotel","Google Maps (sweep, Oct 2026)",https://www.google.com/maps/place/Selective+Security+International+Limited/data=!4m7!3m6!1s0x103b9227d7492443:0x567918962801305b!8m2!3d6.5978285!4d3.3409049!16s%2Fg%2F11c0v965r6!19sChIJQyRJ1yeSOxARWzABKJYYeVY?authuser=0&hl=en&g_ep=EgoyMDI2MDkzMC4wIJJjKgBIAVAD&rclk=1,,,
Knowledge Factory (Nigeria) Ltd,Outside catchment,Other Local Services,Unclassified (needs review),+2348082736016,22 IBB Lane,"Google Maps (sweep, Oct 2026)",https://www.google.com/maps/place/Knowledge+Factory+%28Nigeria%29+Ltd/data=!4m7!3m6!1s0x103b93aba32c6445:0x354f4ec1fb22bc8e!8m2!3d6.5849978!4d3.367421!16s%2Fg%2F11t9f0pd9d!19sChIJRWQso6uTOxARjrwi-8FOTzU?authuser=0&hl=en&g_ep=EgoyMDI2MDkzMC4wIJJjKgBIAVAD&rclk=1,,,
Pasta Grills and More,Outside catchment,Food & Restaurants,Grills,,"H9V5+8H2, Irewole St","Google Maps (sweep, Oct 2026)",https://www.google.com/maps/place/Pasta+Grills+and+More/data=!4m7!3m6!1s0x103b9335b1e59c05:0xc9af25db45e32417!8m2!3d6.5932988!4d3.3589138!16s%2Fg%2F11v0jc2n5_!19sChIJBZzlsTWTOxARFyTjRdslr8k?authuser=0&hl=en&g_ep=EgoyMDI2MDkzMC4wIJJjKgBIAVAD&rclk=1,,,
Tropicalsun Events Centre,Outside catchment,Catering & Events Food,Caterers,+2348086287822,"1 Suwebatu Ajala St, off Liasu Road","Google Maps (sweep, Oct 2026)",https://www.google.com/maps/place/Tropicalsun+Events+Centre/data=!4m7!3m6!1s0x103b8f22dd5320ed:0x5b6046bd16abac6!8m2!3d6.5559996!4d3.3489498!16s%2Fg%2F11rpv0l2s7!19sChIJ7SBT3SKPOxARxrpq0WsEtgU?authuser=0&hl=en&g_ep=EgoyMDI2MDkzMC4wIJJjKgBIAVAD&rclk=1,,,
Genasec Nominess Limited,Maryland / Mende,Professional Services,Management Consultants,+23414935391,"Kresta Laurel Complex, 376 Ikorodu Rd","Google Maps (sweep, Oct 2026)",https://www.google.com/maps/place/Genasec+Nominess+Limited/data=!4m7!3m6!1s0x103b9312fe65fca9:0xd32172c0ac8b1fbc!8m2!3d6.5749951!4d3.3699636!16s%2Fg%2F11jht5693b!19sChIJqfxl_hKTOxARvB-LrMByIdM?authuser=0&hl=en&g_ep=EgoyMDI2MDkzMC4wIJJjKgBIAVAD&rclk=1,,,
Steam Car Wash,Outside catchment,Automotive,Car Wash,+2348036526237,1 Odejaye Crescent,"Google Maps (sweep, Oct 2026)",https://www.google.com/maps/place/Steam+Car+Wash/data=!4m7!3m6!1s0x103b8de3141781f3:0xbb1f9c3e2031e828!8m2!3d6.5194355!4d3.3638241!16s%2Fg%2F11jhvcd7rt!19sChIJ84EXFOONOxARKOgxID6cH7s?authuser=0&hl=en&g_ep=EgoyMDI2MDkzMC4wIJJjKgBIAVAD&rclk=1,,,
Flourish Insurance Brokers Limited,Outside catchment,Insurance & Finance,Insurance Brokers,+2348033052021,286 Murtala Muhammed Way,"Google Maps (sweep, Oct 2026)",https://www.google.com/maps/place/Flourish+Insurance+Brokers+Limited/data=!4m7!3m6!1s0x103b8d2a4489c4fb:0x6b657876d98ed832!8m2!3d6.4995674!4d3.3761451!16s%2Fg%2F11j_r4fwlc!19sChIJ-8SJRCqNOxARMtiO2XZ4ZWs?authuser=0&hl=en&g_ep=EgoyMDI2MDkzMC4wIJJjKgBIAVAD&rclk=1,,,
ULTRA WASH professional drycleaning & laundry service,Ilupeju,Laundry & Cleaning,Laundry Businesses,+2348023364358,Suite 40 ilupeju shopping complex,"Google Maps (sweep, Oct 2026)",https://www.google.com/maps/place/ULTRA+WASH+professional+drycleaning+%26+laundry+service/data=!4m7!3m6!1s0x103b8deb7b811841:0x2e1bb71f559f9a67!8m2!3d6.5507924!4d3.356924!16s%2Fg%2F11cs1l08kr!19sChIJQRiBe-uNOxARZ5qfVR-3Gy4?authuser=0&hl=en&g_ep=EgoyMDI2MDkzMC4wIJJjKgBIAVAD&rclk=1,,,
